"RK",TIERS,"PLAYER NAME",TEAM,"POS","BYE WEEK","UPSIDE ","BUST ","SOS SEASON","ECR VS. ADP"
"1",1,"Ja'Marr Chase",CIN,"WR1","6","Coach Upside rating","Coach Bust rating","4 out of 5 stars","+2"
"2",1,"Bijan Robinson",ATL,"RB1","11","Coach Upside rating","Coach Bust rating","2 out of 5 stars","0"
"3",1,"Puka Nacua",LAR,"WR2","11","Coach Upside rating","Coach Bust rating","1 out of 5 stars","+1"
"4",1,"Jahmyr Gibbs",DET,"RB2","6","Coach Upside rating","Coach Bust rating","5 out of 5 stars","-3"
"5",1,"Jaxon Smith-Njigba",SEA,"WR3","11","Coach Upside rating","Coach Bust rating","3 out of 5 stars","0"
"6",2,"Amon-Ra St. Brown",DET,"WR4","6","Coach Upside rating","Coach Bust rating","4 out of 5 stars","+1"
"7",2,"Christian McCaffrey",SF,"RB3","8","Coach Upside rating","Coach Bust rating","2 out of 5 stars","-1"
"8",2,"CeeDee Lamb",DAL,"WR5","14","Coach Upside rating","Coach Bust rating","2 out of 5 stars","+3"
"9",2,"Justin Jefferson",MIN,"WR6","6","Coach Upside rating","Coach Bust rating","5 out of 5 stars","+1"
"10",2,"Jonathan Taylor",IND,"RB4","13","Coach Upside rating","Coach Bust rating","4 out of 5 stars","-1"
"11",2,"Drake London",ATL,"WR7","11","Coach Upside rating","Coach Bust rating","3 out of 5 stars","+7"
"12",3,"Nico Collins",HOU,"WR8","8","Coach Upside rating","Coach Bust rating","3 out of 5 stars","+10"
"13",3,"Ashton Jeanty",LV,"RB5","13","Coach Upside rating","Coach Bust rating","2 out of 5 stars","-5"
"14",3,"A.J. Brown",NE,"WR9","11","Coach Upside rating","Coach Bust rating","2 out of 5 stars","+5"
"15",3,"James Cook III",BUF,"RB6","7","Coach Upside rating","Coach Bust rating","2 out of 5 stars","-3"
"16",3,"George Pickens",DAL,"WR10","14","Coach Upside rating","Coach Bust rating","2 out of 5 stars","+8"
"17",3,"Trey McBride",ARI,"TE1","14","Coach Upside rating","Coach Bust rating","2 out of 5 stars","+8"
"18",3,"Chris Olave",NO,"WR11","8","Coach Upside rating","Coach Bust rating","3 out of 5 stars","+11"
"19",3,"De'Von Achane",MIA,"RB7","6","Coach Upside rating","Coach Bust rating","3 out of 5 stars","-4"
"20",3,"Brock Bowers",LV,"TE2","13","Coach Upside rating","Coach Bust rating","3 out of 5 stars","0"
"21",3,"Chase Brown",CIN,"RB8","6","Coach Upside rating","Coach Bust rating","2 out of 5 stars","-4"
"22",3,"Rashee Rice",KC,"WR12","5","Coach Upside rating","Coach Bust rating","2 out of 5 stars","+1"
"23",4,"Josh Allen",BUF,"QB1","7","Coach Upside rating","Coach Bust rating","3 out of 5 stars","+5"
"24",4,"DeVonta Smith",PHI,"WR13","10","Coach Upside rating","Coach Bust rating","4 out of 5 stars","+3"
"25",4,"Saquon Barkley",PHI,"RB9","10","Coach Upside rating","Coach Bust rating","4 out of 5 stars","-11"
"26",4,"Omarion Hampton",LAC,"RB10","7","Coach Upside rating","Coach Bust rating","3 out of 5 stars","-13"
"AD",4
"27",4,"Garrett Wilson",NYJ,"WR14","13","Coach Upside rating","Coach Bust rating","4 out of 5 stars","+9"
"28",4,"Tetairoa McMillan",CAR,"WR15","5","Coach Upside rating","Coach Bust rating","2 out of 5 stars","+11"
"29",4,"Kenneth Walker III",KC,"RB11","5","Coach Upside rating","Coach Bust rating","3 out of 5 stars","-13"
"30",4,"Malik Nabers",NYG,"WR16","8","Coach Upside rating","Coach Bust rating","4 out of 5 stars","+10"
"31",4,"Lamar Jackson",BAL,"QB2","13","Coach Upside rating","Coach Bust rating","3 out of 5 stars","+20"
"32",4,"Tee Higgins",CIN,"WR17","6","Coach Upside rating","Coach Bust rating","4 out of 5 stars","+2"
"33",4,"Zay Flowers",BAL,"WR18","13","Coach Upside rating","Coach Bust rating","4 out of 5 stars","-2"
"34",4,"Drake Maye",NE,"QB3","11","Coach Upside rating","Coach Bust rating","2 out of 5 stars","+28"
"35",4,"Jeremiyah Love",ARI,"RB12","14","Coach Upside rating","Coach Bust rating","2 out of 5 stars","-9"
"36",5,"Ladd McConkey",LAC,"WR19","7","Coach Upside rating","Coach Bust rating","2 out of 5 stars","-1"
"37",5,"Colston Loveland",CHI,"TE3","10","Coach Upside rating","Coach Bust rating","2 out of 5 stars","+4"
"38",5,"Jaylen Waddle",DEN,"WR20","10","Coach Upside rating","Coach Bust rating","2 out of 5 stars","+6"
"39",5,"Derrick Henry",BAL,"RB13","13","Coach Upside rating","Coach Bust rating","3 out of 5 stars","-18"
"40",5,"Breece Hall",NYJ,"RB14","13","Coach Upside rating","Coach Bust rating","3 out of 5 stars","-10"
"41",5,"Emeka Egbuka",TB,"WR21","10","Coach Upside rating","Coach Bust rating","4 out of 5 stars","-8"
"42",5,"Joe Burrow",CIN,"QB4","6","Coach Upside rating","Coach Bust rating","3 out of 5 stars","+19"
"43",5,"Kyren Williams",LAR,"RB15","11","Coach Upside rating","Coach Bust rating","5 out of 5 stars","-11"
"44",5,"Terry McLaurin",WAS,"WR22","7","Coach Upside rating","Coach Bust rating","2 out of 5 stars","-1"
"45",5,"Josh Jacobs",GB,"RB16","11","Coach Upside rating","Coach Bust rating","4 out of 5 stars","-3"
"46",5,"Luther Burden III",CHI,"WR23","10","Coach Upside rating","Coach Bust rating","3 out of 5 stars","-1"
"47",5,"Travis Etienne Jr.",NO,"RB17","8","Coach Upside rating","Coach Bust rating","3 out of 5 stars","-9"
"48",5,"Javonte Williams",DAL,"RB18","14","Coach Upside rating","Coach Bust rating","4 out of 5 stars","-11"
"49",5,"Davante Adams",LAR,"WR24","11","Coach Upside rating","Coach Bust rating","1 out of 5 stars","0"
"50",6,"Mike Evans",SF,"WR25","8","Coach Upside rating","Coach Bust rating","2 out of 5 stars","+3"
"51",6,"Jameson Williams",DET,"WR26","6","Coach Upside rating","Coach Bust rating","4 out of 5 stars","-4"
"52",6,"Tyler Warren",IND,"TE4","13","Coach Upside rating","Coach Bust rating","3 out of 5 stars","+8"
"53",6,"DJ Moore",BUF,"WR27","7","Coach Upside rating","Coach Bust rating","4 out of 5 stars","-1"
"54",6,"Jayden Daniels",WAS,"QB5","7","Coach Upside rating","Coach Bust rating","2 out of 5 stars","+12"
"55",6,"Cam Skattebo",NYG,"RB19","8","Coach Upside rating","Coach Bust rating","4 out of 5 stars","-9"
"56",6,"Christian Watson",GB,"WR28","11","Coach Upside rating","Coach Bust rating","5 out of 5 stars","-1"
"57",6,"Jalen Hurts",PHI,"QB6","10","Coach Upside rating","Coach Bust rating","5 out of 5 stars","+19"
"58",6,"Bucky Irving",TB,"RB20","10","Coach Upside rating","Coach Bust rating","2 out of 5 stars","+1"
"59",6,"Rome Odunze",CHI,"WR29","10","Coach Upside rating","Coach Bust rating","3 out of 5 stars","-1"
"60",6,"TreVeyon Henderson",NE,"RB21","11","Coach Upside rating","Coach Bust rating","2 out of 5 stars","-6"
"61",6,"Quinshon Judkins",CLE,"RB22","11","Coach Upside rating","Coach Bust rating","3 out of 5 stars","-5"
"62",6,"D'Andre Swift",CHI,"RB23","10","Coach Upside rating","Coach Bust rating","2 out of 5 stars","-12"
"63",6,"Carnell Tate",TEN,"WR30","9","Coach Upside rating","Coach Bust rating","3 out of 5 stars","+1"
"64",6,"David Montgomery",HOU,"RB24","8","Coach Upside rating","Coach Bust rating","4 out of 5 stars","-16"
"65",6,"Caleb Williams",CHI,"QB7","10","Coach Upside rating","Coach Bust rating","3 out of 5 stars","+7"
"66",6,"Justin Herbert",LAC,"QB8","7","Coach Upside rating","Coach Bust rating","2 out of 5 stars","+8"
"67",6,"Marvin Harrison Jr.",ARI,"WR31","14","Coach Upside rating","Coach Bust rating","2 out of 5 stars","+1"
"68",6,"Tucker Kraft",GB,"TE5","11","Coach Upside rating","Coach Bust rating","2 out of 5 stars","+14"
"69",6,"Alec Pierce",IND,"WR32","13","Coach Upside rating","Coach Bust rating","4 out of 5 stars","+14"
"70",7,"Jaylen Warren",PIT,"RB25","9","Coach Upside rating","Coach Bust rating","2 out of 5 stars","-1"
"71",7,"Bhayshul Tuten",JAC,"RB26","7","Coach Upside rating","Coach Bust rating","4 out of 5 stars","-14"
"72",7,"DK Metcalf",PIT,"WR33","9","Coach Upside rating","Coach Bust rating","3 out of 5 stars","-1"
"73",7,"Harold Fannin Jr.",CLE,"TE6","11","Coach Upside rating","Coach Bust rating","3 out of 5 stars","+25"
"74",7,"Courtland Sutton",DEN,"WR34","10","Coach Upside rating","Coach Bust rating","2 out of 5 stars","+3"
"75",7,"Trevor Lawrence",JAC,"QB9","7","Coach Upside rating","Coach Bust rating","4 out of 5 stars","+5"
"76",7,"Jadarian Price",SEA,"RB27","11","Coach Upside rating","Coach Bust rating","4 out of 5 stars","-9"
"77",7,"Kyle Pitts Sr.",ATL,"TE7","11","Coach Upside rating","Coach Bust rating","3 out of 5 stars","+11"
"78",7,"Chris Godwin Jr.",TB,"WR35","10","Coach Upside rating","Coach Bust rating","4 out of 5 stars","+7"
"79",7,"Brian Thomas Jr.",JAC,"WR36","7","Coach Upside rating","Coach Bust rating","4 out of 5 stars","-16"
"80",7,"Dak Prescott",DAL,"QB10","14","Coach Upside rating","Coach Bust rating","2 out of 5 stars","+1"
"81",7,"Chuba Hubbard",CAR,"RB28","5","Coach Upside rating","Coach Bust rating","1 out of 5 stars","-3"
"82",7,"Rhamondre Stevenson",NE,"RB29","11","Coach Upside rating","Coach Bust rating","2 out of 5 stars","-3"
"83",7,"Michael Pittman Jr.",PIT,"WR37","9","Coach Upside rating","Coach Bust rating","3 out of 5 stars","+3"
"84",7,"Tony Pollard",TEN,"RB30","9","Coach Upside rating","Coach Bust rating","3 out of 5 stars","-11"
"85",7,"Michael Wilson",ARI,"WR38","14","Coach Upside rating–No rating available","Coach Bust rating–No rating available","2 out of 5 stars","+7"
"86",7,"Sam LaPorta",DET,"TE8","6","Coach Upside rating","Coach Bust rating","3 out of 5 stars","+7"
"87",7,"Rico Dowdle",PIT,"RB31","9","Coach Upside rating","Coach Bust rating","2 out of 5 stars","+2"
"88",7,"Jordyn Tyson",NO,"WR39","8","Coach Upside rating","Coach Bust rating","3 out of 5 stars","-18"
"89",7,"RJ Harvey",DEN,"RB32","10","Coach Upside rating","Coach Bust rating","2 out of 5 stars","-5"
"90",7,"Jaxson Dart",NYG,"QB11","8","Coach Upside rating","Coach Bust rating","4 out of 5 stars","+7"
"AD",7
"91",7,"Wan'Dale Robinson",TEN,"WR40","9","Coach Upside rating","Coach Bust rating","3 out of 5 stars","+14"
"92",7,"Parker Washington",JAC,"WR41","7","Coach Upside rating","Coach Bust rating","4 out of 5 stars","-27"
"93",7,"Jakobi Meyers",JAC,"WR42","7","Coach Upside rating","Coach Bust rating","4 out of 5 stars","+14"
"94",7,"Brock Purdy",SF,"QB12","8","Coach Upside rating","Coach Bust rating","1 out of 5 stars","+1"
"95",7,"Makai Lemon",PHI,"WR43","10","Coach Upside rating","Coach Bust rating","4 out of 5 stars","-5"
"96",8,"Josh Downs",IND,"WR44","13","Coach Upside rating","Coach Bust rating","4 out of 5 stars","-2"
"97",8,"Travis Kelce",KC,"TE9","5","Coach Upside rating","Coach Bust rating","4 out of 5 stars","+20"
"98",8,"Kyle Monangai",CHI,"RB33","10","Coach Upside rating","Coach Bust rating","2 out of 5 stars","+2"
"99",8,"Kenny Gainwell",TB,"RB34","10","Coach Upside rating","Coach Bust rating","2 out of 5 stars","-12"
"100",8,"Patrick Mahomes II",KC,"QB13","5","Coach Upside rating","Coach Bust rating","2 out of 5 stars","+2"
"101",8,"Bo Nix",DEN,"QB14","10","Coach Upside rating","Coach Bust rating","3 out of 5 stars","+10"
"102",8,"Ricky Pearsall",SF,"WR45","8","Coach Upside rating","Coach Bust rating","2 out of 5 stars","-6"
"103",8,"Matthew Stafford",LAR,"QB15","11","Coach Upside rating","Coach Bust rating","3 out of 5 stars","-4"
"104",8,"J.K. Dobbins",DEN,"RB35","10","Coach Upside rating","Coach Bust rating","2 out of 5 stars","+4"
"105",8,"Jake Ferguson",DAL,"TE10","14","Coach Upside rating","Coach Bust rating","2 out of 5 stars","+22"
"106",8,"Quentin Johnston",LAC,"WR46","7","Coach Upside rating","Coach Bust rating","2 out of 5 stars","-31"
"107",8,"Jared Goff",DET,"QB16","6","Coach Upside rating","Coach Bust rating","5 out of 5 stars","+2"
"108",8,"Jordan Addison",MIN,"WR47","6","Coach Upside rating","Coach Bust rating","5 out of 5 stars","-4"
"109",8,"Aaron Jones Sr.",MIN,"RB36","6","Coach Upside rating","Coach Bust rating","4 out of 5 stars","+14"
"110",8,"Blake Corum",LAR,"RB37","11","Coach Upside rating","Coach Bust rating","5 out of 5 stars","-7"
"111",8,"Dalton Kincaid",BUF,"TE11","7","Coach Upside rating","Coach Bust rating","3 out of 5 stars","+3"
"112",8,"George Kittle",SF,"TE12","8","Coach Upside rating","Coach Bust rating","3 out of 5 stars","+1"
"113",8,"Jayden Reed",GB,"WR48","11","Coach Upside rating","Coach Bust rating","5 out of 5 stars","-22"
"114",8,"Rachaad White",WAS,"RB38","7","Coach Upside rating","Coach Bust rating","4 out of 5 stars","-8"
"115",8,"Kyler Murray",MIN,"QB17","6","Coach Upside rating","Coach Bust rating","5 out of 5 stars","+1"
"116",8,"Isaiah Likely",NYG,"TE13","8","Coach Upside rating","Coach Bust rating","3 out of 5 stars","+8"
"117",8,"Khalil Shakir",BUF,"WR49","7","Coach Upside rating","Coach Bust rating","4 out of 5 stars","+8"
"118",8,"Jordan Love",GB,"QB18","11","Coach Upside rating","Coach Bust rating","4 out of 5 stars","+3"
"119",8,"Baker Mayfield",TB,"QB19","10","Coach Upside rating","Coach Bust rating","2 out of 5 stars","-1"
"120",8,"Jayden Higgins",HOU,"WR50","8","Coach Upside rating","Coach Bust rating","3 out of 5 stars","+2"
"121",8,"Dallas Goedert",PHI,"TE14","10","Coach Upside rating","Coach Bust rating","4 out of 5 stars","+8"
"122",8,"Tyler Shough",NO,"QB20","8","Coach Upside rating","Coach Bust rating","3 out of 5 stars","-2"
"123",8,"Xavier Worthy",KC,"WR51","5","Coach Upside rating","Coach Bust rating","2 out of 5 stars","-13"
"124",8,"Jacory Croskey-Merritt",WAS,"RB39","7","Coach Upside rating","Coach Bust rating","4 out of 5 stars","+2"
"125",9,"KC Concepcion",CLE,"WR52","11","Coach Upside rating","Coach Bust rating","3 out of 5 stars","+3"
"126",9,"Romeo Doubs",NE,"WR53","11","Coach Upside rating","Coach Bust rating","2 out of 5 stars","-7"
"127",9,"Jordan Mason",MIN,"RB40","6","Coach Upside rating","Coach Bust rating","4 out of 5 stars","-12"
"128",9,"Tyrone Tracy Jr.",NYG,"RB41","8","Coach Upside rating","Coach Bust rating","4 out of 5 stars","+4"
"129",9,"Malik Willis",MIA,"QB21","6","Coach Upside rating","Coach Bust rating","3 out of 5 stars","+4"
"130",9,"Mark Andrews",BAL,"TE15","13","Coach Upside rating","Coach Bust rating","4 out of 5 stars","0"
"131",9,"Jalen Coker",CAR,"WR54","5","Coach Upside rating","Coach Bust rating","2 out of 5 stars","0"
"132",9,"Woody Marks",HOU,"RB42","8","Coach Upside rating","Coach Bust rating","4 out of 5 stars","+7"
"133",9,"C.J. Stroud",HOU,"QB22","8","Coach Upside rating","Coach Bust rating","4 out of 5 stars","+5"
"134",9,"Zach Charbonnet",SEA,"RB43","11","Coach Upside rating","Coach Bust rating","4 out of 5 stars","+17"
"135",9,"Matthew Golden",GB,"WR55","11","Coach Upside rating","Coach Bust rating","5 out of 5 stars","-23"
"136",9,"Sam Darnold",SEA,"QB23","11","Coach Upside rating","Coach Bust rating","4 out of 5 stars","+6"
"137",9,"Jonathon Brooks",CAR,"RB44","5","Coach Upside rating","Coach Bust rating","1 out of 5 stars","-36"
"138",9,"Juwan Johnson",NO,"TE16","8","Coach Upside rating","Coach Bust rating","2 out of 5 stars","+9"
"139",9,"Tyler Allgeier",ARI,"RB45","14","Coach Upside rating","Coach Bust rating","2 out of 5 stars","+6"
"140",9,"Tyjae Spears",TEN,"RB46","9","Coach Upside rating","Coach Bust rating","3 out of 5 stars","+12"
"141",9,"Chris Rodriguez Jr.",JAC,"RB47","7","Coach Upside rating","Coach Bust rating","4 out of 5 stars","-7"
"142",9,"Dylan Sampson",CLE,"RB48","11","Coach Upside rating","Coach Bust rating","3 out of 5 stars","+14"
"143",9,"Isiah Pacheco",DET,"RB49","6","Coach Upside rating","Coach Bust rating","5 out of 5 stars","+7"
"144",9,"Cam Ward",TEN,"QB24","9","Coach Upside rating","Coach Bust rating","3 out of 5 stars","0"
"145",9,"Brenton Strange",JAC,"TE17","7","Coach Upside rating","Coach Bust rating","3 out of 5 stars","+1"
"146",9,"Rashid Shaheed",SEA,"WR56","11","Coach Upside rating","Coach Bust rating","3 out of 5 stars","-10"
"147",9,"Alvin Kamara",NO,"RB50","8","Coach Upside rating","Coach Bust rating","3 out of 5 stars","+19"
"148",9,"Omar Cooper Jr.",NYJ,"WR57","13","Coach Upside rating","Coach Bust rating","4 out of 5 stars","+12"
"149",9,"Daniel Jones",IND,"QB25","13","Coach Upside rating","Coach Bust rating","4 out of 5 stars","-1"
"150",9,"Jerry Jeudy",CLE,"WR58","11","Coach Upside rating","Coach Bust rating","3 out of 5 stars","+25"
"151",9,"Jauan Jennings",MIN,"WR59","6","Coach Upside rating","Coach Bust rating","5 out of 5 stars","+3"
"152",9,"Bryce Young",CAR,"QB26","5","Coach Upside rating","Coach Bust rating","2 out of 5 stars","+6"
"153",9,"Denzel Boston",CLE,"WR60","11","Coach Upside rating","Coach Bust rating","3 out of 5 stars","+2"
"154",9,"Oronde Gadsden II",LAC,"TE18","7","Coach Upside rating","Coach Bust rating","4 out of 5 stars","-11"
"155",9,"Hunter Henry",NE,"TE19","11","Coach Upside rating","Coach Bust rating","4 out of 5 stars","+4"
"156",9,"Chig Okonkwo",WAS,"TE20","7","Coach Upside rating","Coach Bust rating","1 out of 5 stars","-15"
"157",9,"Jonah Coleman",DEN,"RB51","10","Coach Upside rating","Coach Bust rating","2 out of 5 stars","0"
"158",9,"Houston Texans",HOU,"DST1","8","Coach Upside rating–No rating available","Coach Bust rating–No rating available","2 out of 5 stars","+48"
"159",10,"Jalen McMillan",TB,"WR61","10","Coach Upside rating","Coach Bust rating","4 out of 5 stars","-19"
"160",10,"Keaton Mitchell",LAC,"RB52","7","Coach Upside rating","Coach Bust rating","3 out of 5 stars","-23"
"161",10,"Adonai Mitchell",NYJ,"WR62","13","Coach Upside rating","Coach Bust rating","4 out of 5 stars","+3"
"162",10,"Travis Hunter",JAC,"WR63","7","Coach Upside rating","Coach Bust rating","4 out of 5 stars","+11"
"163",10,"Brian Robinson Jr.",ATL,"RB53","11","Coach Upside rating","Coach Bust rating","2 out of 5 stars","+7"
"164",10,"Dalton Schultz",HOU,"TE21","8","Coach Upside rating","Coach Bust rating","4 out of 5 stars","+8"
"165",10,"Braelon Allen",NYJ,"RB54","13","Coach Upside rating","Coach Bust rating","3 out of 5 stars","+25"
"166",10,"Tank Bigsby",PHI,"RB55","10","Coach Upside rating","Coach Bust rating","4 out of 5 stars","-1"
"167",10,"Denver Broncos",DEN,"DST2","10","Coach Upside rating–No rating available","Coach Bust rating–No rating available","4 out of 5 stars","+52"
"168",10,"Tre Tucker",LV,"WR64","13","Coach Upside rating","Coach Bust rating","2 out of 5 stars","-15"
"169",10,"Tre' Harris",LAC,"WR65","7","Coach Upside rating","Coach Bust rating","2 out of 5 stars","-7"
"170",10,"Seattle Seahawks",SEA,"DST3","11","Coach Upside rating–No rating available","Coach Bust rating–No rating available","2 out of 5 stars","+46"
"171",10,"T.J. Hockenson",MIN,"TE22","6","Coach Upside rating","Coach Bust rating","4 out of 5 stars","-3"
"172",10,"Los Angeles Rams",LAR,"DST4","11","Coach Upside rating–No rating available","Coach Bust rating–No rating available","2 out of 5 stars","+39"
"173",10,"Kayshon Boutte",NE,"WR66","11","Coach Upside rating","Coach Bust rating","2 out of 5 stars","+37"
"174",10,"Troy Franklin",DEN,"WR67","10","Coach Upside rating","Coach Bust rating","2 out of 5 stars","+38"
"175",10,"Ryan Flournoy",DAL,"WR68","14","Coach Upside rating","Coach Bust rating","2 out of 5 stars","-14"
"176",10,"Philadelphia Eagles",PHI,"DST5","10","Coach Upside rating–No rating available","Coach Bust rating–No rating available","0 out of 5 stars","+47"
"177",10,"James Conner",ARI,"RB56","14","Coach Upside rating","Coach Bust rating","2 out of 5 stars","+44"
"178",10,"Stefon Diggs",FA,"WR69","-","Coach Upside rating","Coach Bust rating","-","-43"
"179",10,"Emanuel Wilson",SEA,"RB57","11","Coach Upside rating","Coach Bust rating","4 out of 5 stars","+34"
"180",10,"Jacoby Brissett",ARI,"QB27","14","Coach Upside rating","Coach Bust rating","2 out of 5 stars","-3"
"181",10,"Jaylin Noel",HOU,"WR70","8","Coach Upside rating","Coach Bust rating","3 out of 5 stars","+62"
"182",10,"Calvin Ridley",TEN,"WR71","9","Coach Upside rating","Coach Bust rating","3 out of 5 stars","+10"
"183",10,"Minnesota Vikings",MIN,"DST6","6","Coach Upside rating–No rating available","Coach Bust rating–No rating available","1 out of 5 stars","+48"
"184",10,"New England Patriots",NE,"DST7","11","Coach Upside rating–No rating available","Coach Bust rating–No rating available","3 out of 5 stars","+38"
"185",10,"Brandon Aubrey",DAL,"K1","14","Coach Upside rating","Coach Bust rating","2 out of 5 stars","-"
"186",10,"Pittsburgh Steelers",PIT,"DST8","9","Coach Upside rating–No rating available","Coach Bust rating–No rating available","5 out of 5 stars","+44"
"187",10,"Kenyon Sadiq",NYJ,"TE23","13","Coach Upside rating","Coach Bust rating","4 out of 5 stars","-24"
"188",10,"Jacksonville Jaguars",JAC,"DST9","7","Coach Upside rating–No rating available","Coach Bust rating–No rating available","3 out of 5 stars","+41"
"189",10,"Isaac TeSlaa",DET,"WR72","6","Coach Upside rating","Coach Bust rating","4 out of 5 stars","-20"
"190",10,"Emmett Johnson",KC,"RB58","5","Coach Upside rating","Coach Bust rating","3 out of 5 stars","-12"
"191",10,"Darnell Mooney",NYG,"WR73","8","Coach Upside rating","Coach Bust rating","4 out of 5 stars","+11"
"192",10,"Ka'imi Fairbairn",HOU,"K2","8","Coach Upside rating","Coach Bust rating","2 out of 5 stars","-"
"193",10,"AJ Barner",SEA,"TE24","11","Coach Upside rating","Coach Bust rating","3 out of 5 stars","-10"
"194",10,"Deebo Samuel Sr.",FA,"WR74","-","Coach Upside rating–No rating available","Coach Bust rating–No rating available","-","-27"
"195",11,"Cameron Dicker",LAC,"K3","7","Coach Upside rating–No rating available","Coach Bust rating–No rating available","2 out of 5 stars","-"
"196",11,"Los Angeles Chargers",LAC,"DST10","7","Coach Upside rating–No rating available","Coach Bust rating–No rating available","3 out of 5 stars","+37"
"197",11,"Mike Washington Jr.",LV,"RB59","13","Coach Upside rating","Coach Bust rating","2 out of 5 stars","-10"
"198",11,"Pat Bryant",DEN,"WR75","10","Coach Upside rating–No rating available","Coach Bust rating–No rating available","2 out of 5 stars","+37"
"199",11,"Ray Davis",BUF,"RB60","7","Coach Upside rating–No rating available","Coach Bust rating–No rating available","2 out of 5 stars","-14"
"200",11,"Cam Little",JAC,"K4","7","Coach Upside rating–No rating available","Coach Bust rating–No rating available","4 out of 5 stars","-"
"201",11,"Kimani Vidal",LAC,"RB61","7","Coach Upside rating–No rating available","Coach Bust rating–No rating available","3 out of 5 stars","-8"
"202",11,"Jason Myers",SEA,"K5","11","Coach Upside rating–No rating available","Coach Bust rating–No rating available","4 out of 5 stars","-"
"203",11,"Jalen Nailor",LV,"WR76","13","Coach Upside rating–No rating available","Coach Bust rating–No rating available","2 out of 5 stars","-54"
"204",11,"Malik Washington",MIA,"WR77","6","Coach Upside rating","Coach Bust rating","3 out of 5 stars","-30"
"205",11,"Antonio Williams",WAS,"WR78","7","Coach Upside rating–No rating available","Coach Bust rating–No rating available","2 out of 5 stars","-29"
"206",11,"Dontayvion Wicks",PHI,"WR79","10","Coach Upside rating–No rating available","Coach Bust rating–No rating available","4 out of 5 stars","+1"
"207",11,"Baltimore Ravens",BAL,"DST11","13","Coach Upside rating–No rating available","Coach Bust rating–No rating available","5 out of 5 stars","+27"
"208",11,"Green Bay Packers",GB,"DST12","11","Coach Upside rating–No rating available","Coach Bust rating–No rating available","2 out of 5 stars","+39"
"209",11,"Gunnar Helm",TEN,"TE25","9","Coach Upside rating","Coach Bust rating","3 out of 5 stars","-23"
"210",11,"Eddy Pineiro",SF,"K6","8","Coach Upside rating–No rating available","Coach Bust rating–No rating available","5 out of 5 stars","-"
"211",11,"Tyler Loop",BAL,"K7","13","Coach Upside rating–No rating available","Coach Bust rating–No rating available","3 out of 5 stars","-"
"212",11,"Chimere Dike",TEN,"WR80","9","Coach Upside rating","Coach Bust rating","3 out of 5 stars","+88"
"213",11,"Sean Tucker",TB,"RB62","10","Coach Upside rating","Coach Bust rating","2 out of 5 stars","-29"
"214",11,"Brandon Aiyuk",SF,"WR81","8","Coach Upside rating","Coach Bust rating","2 out of 5 stars","-19"
"215",11,"Cairo Santos",CHI,"K8","10","Coach Upside rating–No rating available","Coach Bust rating–No rating available","0 out of 5 stars","-"
"216",11,"Kansas City Chiefs",KC,"DST13","5","Coach Upside rating–No rating available","Coach Bust rating–No rating available","3 out of 5 stars","+35"
"217",11,"Evan McPherson",CIN,"K9","6","Coach Upside rating–No rating available","Coach Bust rating–No rating available","2 out of 5 stars","-"
"218",11,"Nicholas Singleton",TEN,"RB63","9","Coach Upside rating","Coach Bust rating","3 out of 5 stars","-20"
"219",11,"Andy Borregales",NE,"K10","11","Coach Upside rating–No rating available","Coach Bust rating–No rating available","1 out of 5 stars","-"
"220",11,"Cooper Kupp",SEA,"WR82","11","Coach Upside rating–No rating available","Coach Bust rating–No rating available","3 out of 5 stars","-3"
"221",11,"Geno Smith",NYJ,"QB28","13","Coach Upside rating–No rating available","Coach Bust rating–No rating available","4 out of 5 stars","-39"
"222",11,"Cleveland Browns",CLE,"DST14","11","Coach Upside rating–No rating available","Coach Bust rating–No rating available","5 out of 5 stars","+18"
"223",11,"Detroit Lions",DET,"DST15","6","Coach Upside rating–No rating available","Coach Bust rating–No rating available","5 out of 5 stars","+30"
"224",11,"Germie Bernard",PIT,"WR83","9","Coach Upside rating–No rating available","Coach Bust rating–No rating available","3 out of 5 stars","-9"
"225",11,"De'Zhaun Stribling",SF,"WR84","8","Coach Upside rating","Coach Bust rating","2 out of 5 stars","-20"
"226",11,"Aaron Rodgers",PIT,"QB29","9","Coach Upside rating–No rating available","Coach Bust rating–No rating available","2 out of 5 stars","-55"
"227",11,"Tank Dell",HOU,"WR85","8","Coach Upside rating–No rating available","Coach Bust rating–No rating available","3 out of 5 stars","-27"
"228",11,"Jaylen Wright",MIA,"RB64","6","Coach Upside rating–No rating available","Coach Bust rating–No rating available","3 out of 5 stars","+8"
"229",11,"Buffalo Bills",BUF,"DST16","7","Coach Upside rating–No rating available","Coach Bust rating–No rating available","3 out of 5 stars","+17"
"230",11,"Kaytron Allen",WAS,"RB65","7","Coach Upside rating","Coach Bust rating","4 out of 5 stars","-49"
"231",11,"Jake Bates",DET,"K11","6","Coach Upside rating–No rating available","Coach Bust rating–No rating available","5 out of 5 stars","-"
"232",11,"David Njoku",LAC,"TE26","7","Coach Upside rating","Coach Bust rating","4 out of 5 stars","-24"
"233",11,"Cade Otton",TB,"TE27","10","Coach Upside rating–No rating available","Coach Bust rating–No rating available","2 out of 5 stars","-42"
"234",11,"Chase McLaughlin",TB,"K12","10","Coach Upside rating–No rating available","Coach Bust rating–No rating available","3 out of 5 stars","-"
"235",11,"Elic Ayomanor",TEN,"WR86","9","Coach Upside rating–No rating available","Coach Bust rating–No rating available","3 out of 5 stars","+83"
"236",11,"Justice Hill",BAL,"RB66","13","Coach Upside rating–No rating available","Coach Bust rating–No rating available","3 out of 5 stars","-22"
"237",11,"Pat Freiermuth",PIT,"TE28","9","Coach Upside rating","Coach Bust rating","2 out of 5 stars","-41"
"238",11,"Rashod Bateman",BAL,"WR87","13","Coach Upside rating–No rating available","Coach Bust rating–No rating available","4 out of 5 stars","+10"
"239",11,"Terrance Ferguson",LAR,"TE29","11","Coach Upside rating","Coach Bust rating","4 out of 5 stars","-36"
"240",11,"Fernando Mendoza",LV,"QB30","13","Coach Upside rating–No rating available","Coach Bust rating–No rating available","1 out of 5 stars","-60"
"241",11,"Zachariah Branch",ATL,"WR88","11","Coach Upside rating–No rating available","Coach Bust rating–No rating available","3 out of 5 stars","-53"
"242",11,"Ted Hurst III",TB,"WR89","10","Coach Upside rating–No rating available","Coach Bust rating–No rating available","4 out of 5 stars","-1"
"243",11,"Ollie Gordon II",MIA,"RB67","6","Coach Upside rating–No rating available","Coach Bust rating–No rating available","3 out of 5 stars","+67"
"244",12,"Colby Parkinson",LAR,"TE30","11","Coach Upside rating–No rating available","Coach Bust rating–No rating available","4 out of 5 stars","-26"
"245",12,"Harrison Mevis",LAR,"K13","11","Coach Upside rating–No rating available","Coach Bust rating–No rating available","2 out of 5 stars","-"
"246",12,"Harrison Butker",KC,"K14","5","Coach Upside rating–No rating available","Coach Bust rating–No rating available","5 out of 5 stars","-"
"247",12,"Jack Bech",LV,"WR90","13","Coach Upside rating–No rating available","Coach Bust rating–No rating available","2 out of 5 stars","+79"
"248",12,"Evan Engram",DEN,"TE31","10","Coach Upside rating–No rating available","Coach Bust rating–No rating available","4 out of 5 stars","+2"
"249",12,"Keon Coleman",BUF,"WR91","7","Coach Upside rating–No rating available","Coach Bust rating–No rating available","4 out of 5 stars","-11"
"250",12,"Chris Bell",MIA,"WR92","6","Coach Upside rating–No rating available","Coach Bust rating–No rating available","3 out of 5 stars","+2"
"251",12,"Tyreek Hill",FA,"WR93","-","Coach Upside rating–No rating available","Coach Bust rating–No rating available","-","-23"
"252",12,"Ty Johnson",BUF,"RB68","7","Coach Upside rating–No rating available","Coach Bust rating–No rating available","2 out of 5 stars","+28"
"253",12,"Chris Boswell",PIT,"K15","9","Coach Upside rating–No rating available","Coach Bust rating–No rating available","4 out of 5 stars","-"
"254",12,"Christian Kirk",SF,"WR94","8","Coach Upside rating–No rating available","Coach Bust rating–No rating available","2 out of 5 stars","-45"
"255",12,"Elijah Sarratt",BAL,"WR95","13","Coach Upside rating–No rating available","Coach Bust rating–No rating available","4 out of 5 stars","-10"
"256",12,"Eli Stowers",PHI,"TE32","10","Coach Upside rating–No rating available","Coach Bust rating–No rating available","4 out of 5 stars","-1"
"257",12,"MarShawn Lloyd",GB,"RB69","11","Coach Upside rating–No rating available","Coach Bust rating–No rating available","4 out of 5 stars","-60"
"258",12,"Tory Horton",SEA,"WR96","11","Coach Upside rating–No rating available","Coach Bust rating–No rating available","3 out of 5 stars","+45"
"259",12,"Mason Taylor",NYJ,"TE33","13","Coach Upside rating–No rating available","Coach Bust rating–No rating available","4 out of 5 stars","-2"
"260",12,"Theo Johnson",NYG,"TE34","8","Coach Upside rating–No rating available","Coach Bust rating–No rating available","3 out of 5 stars","+38"
"261",12,"Malachi Fields",NYG,"WR97","8","Coach Upside rating–No rating available","Coach Bust rating–No rating available","4 out of 5 stars","-24"
"262",12,"Jaydon Blue",DAL,"RB70","14","Coach Upside rating–No rating available","Coach Bust rating–No rating available","4 out of 5 stars","-73"
"263",12,"Devin Neal",NO,"RB71","8","Coach Upside rating–No rating available","Coach Bust rating–No rating available","3 out of 5 stars","+142"
"264",12,"Isaiah Davis",NYJ,"RB72","13","Coach Upside rating–No rating available","Coach Bust rating–No rating available","3 out of 5 stars","+129"
"265",12,"DJ Giddens",IND,"RB73","13","Coach Upside rating–No rating available","Coach Bust rating–No rating available","4 out of 5 stars","+13"
"266",12,"Chris Brooks",GB,"RB74","11","Coach Upside rating–No rating available","Coach Bust rating–No rating available","4 out of 5 stars","+66"
"267",12,"Marvin Mims Jr.",DEN,"WR98","10","Coach Upside rating–No rating available","Coach Bust rating–No rating available","2 out of 5 stars","+55"
"268",12,"Michael Penix Jr.",ATL,"QB31","11","Coach Upside rating–No rating available","Coach Bust rating–No rating available","4 out of 5 stars","-41"
"269",12,"Samaje Perine",CIN,"RB75","6","Coach Upside rating–No rating available","Coach Bust rating–No rating available","2 out of 5 stars","-25"
"270",12,"Tua Tagovailoa",ATL,"QB32","11","Coach Upside rating–No rating available","Coach Bust rating–No rating available","4 out of 5 stars","-76"
"271",12,"Darius Slayton",NYG,"WR99","8","Coach Upside rating–No rating available","Coach Bust rating–No rating available","4 out of 5 stars","-11"
"272",12,"Chris Brazzell II",CAR,"WR100","5","Coach Upside rating–No rating available","Coach Bust rating–No rating available","2 out of 5 stars","+22"
"273",12,"Xavier Legette",CAR,"WR101","5","Coach Upside rating–No rating available","Coach Bust rating–No rating available","2 out of 5 stars","+136"
"274",12,"Jordan James",SF,"RB76","8","Coach Upside rating–No rating available","Coach Bust rating–No rating available","2 out of 5 stars","-75"
"275",12,"Demond Claiborne",MIN,"RB77","6","Coach Upside rating–No rating available","Coach Bust rating–No rating available","4 out of 5 stars","-74"
"276",12,"Kaleb Johnson",PIT,"RB78","9","Coach Upside rating–No rating available","Coach Bust rating–No rating available","2 out of 5 stars","+119"
"277",12,"Seth McGowan",IND,"RB79","13","Coach Upside rating–No rating available","Coach Bust rating–No rating available","4 out of 5 stars","+112"
"278",12,"Tyquan Thornton",KC,"WR102","5","Coach Upside rating–No rating available","Coach Bust rating–No rating available","2 out of 5 stars","-24"
"279",12,"LeQuint Allen Jr.",JAC,"RB80","7","Coach Upside rating–No rating available","Coach Bust rating–No rating available","4 out of 5 stars","-3"
"280",12,"Devaughn Vele",NO,"WR103","8","Coach Upside rating–No rating available","Coach Bust rating–No rating available","3 out of 5 stars","-17"
"281",12,"Greg Dulcich",MIA,"TE35","6","Coach Upside rating–No rating available","Coach Bust rating–No rating available","5 out of 5 stars","-102"
"282",12,"Malik Davis",DAL,"RB81","14","Coach Upside rating–No rating available","Coach Bust rating–No rating available","4 out of 5 stars","-15"
"283",12,"Wil Lutz",DEN,"K16","10","Coach Upside rating–No rating available","Coach Bust rating–No rating available","1 out of 5 stars","-"
"284",12,"Atlanta Falcons",ATL,"DST17","11","Coach Upside rating–No rating available","Coach Bust rating–No rating available","4 out of 5 stars","-35"
"285",12,"George Holani",SEA,"RB82","11","Coach Upside rating–No rating available","Coach Bust rating–No rating available","4 out of 5 stars","-81"
"286",12,"Mack Hollins",NE,"WR104","11","Coach Upside rating–No rating available","Coach Bust rating–No rating available","2 out of 5 stars","+34"
"287",12,"Trey Benson",ARI,"RB83","14","Coach Upside rating–No rating available","Coach Bust rating–No rating available","2 out of 5 stars","+56"
"288",12,"Keenan Allen",LAC,"WR105","7","Coach Upside rating–No rating available","Coach Bust rating–No rating available","2 out of 5 stars","-19"
"289",12,"Kyle Williams",NE,"WR106","11","Coach Upside rating–No rating available","Coach Bust rating–No rating available","2 out of 5 stars","+117"
"290",12,"Will Reichard",MIN,"K17","6","Coach Upside rating–No rating available","Coach Bust rating–No rating available","2 out of 5 stars","-"
"291",12,"Brashard Smith",KC,"RB84","5","Coach Upside rating–No rating available","Coach Bust rating–No rating available","3 out of 5 stars","+117"
"292",12,"Mike Gesicki",CIN,"TE36","6","Coach Upside rating–No rating available","Coach Bust rating–No rating available","3 out of 5 stars","-50"
"293",12,"San Francisco 49ers",SF,"DST18","8","Coach Upside rating–No rating available","Coach Bust rating–No rating available","3 out of 5 stars","-32"
"294",12,"Shedeur Sanders",CLE,"QB33","11","Coach Upside rating–No rating available","Coach Bust rating–No rating available","4 out of 5 stars","-69"
"295",12,"Hollywood Brown",PHI,"WR107","10","Coach Upside rating–No rating available","Coach Bust rating–No rating available","4 out of 5 stars","+33"
"296",12,"Oscar Delp",NO,"TE37","8","Coach Upside rating–No rating available","Coach Bust rating–No rating available","2 out of 5 stars","+105"
"297",12,"Devin Singletary",NYG,"RB85","8","Coach Upside rating–No rating available","Coach Bust rating–No rating available","4 out of 5 stars","+110"
"298",12,"Kirk Cousins",LV,"QB34","13","Coach Upside rating–No rating available","Coach Bust rating–No rating available","1 out of 5 stars","-66"
"299",12,"Kendre Miller",NO,"RB86","8","Coach Upside rating–No rating available","Coach Bust rating–No rating available","3 out of 5 stars","+53"
"300",12,"Deshaun Watson",CLE,"QB35","11","Coach Upside rating–No rating available","Coach Bust rating–No rating available","4 out of 5 stars","-74"
"301",12,"Jerome Ford",WAS,"RB87","7","Coach Upside rating–No rating available","Coach Bust rating–No rating available","4 out of 5 stars","+81"
"302",13,"Emari Demercado",KC,"RB88","5","Coach Upside rating–No rating available","Coach Bust rating–No rating available","3 out of 5 stars","-32"
"303",13,"Jaleel McLaughlin",DEN,"RB89","10","Coach Upside rating–No rating available","Coach Bust rating–No rating available","2 out of 5 stars","-"
"304",13,"Charlie Smyth",NO,"K18","8","Coach Upside rating–No rating available","Coach Bust rating–No rating available","5 out of 5 stars","-"
"305",13,"Kaelon Black",SF,"RB90","8","Coach Upside rating–No rating available","Coach Bust rating–No rating available","2 out of 5 stars","-85"
"306",13,"Isaiah Bond",CLE,"WR108","11","Coach Upside rating–No rating available","Coach Bust rating–No rating available","3 out of 5 stars","+93"
"307",13,"Najee Harris",LAC,"RB91","7","Coach Upside rating–No rating available","Coach Bust rating–No rating available","3 out of 5 stars","+32"
"308",13,"Jake Tonges",SF,"TE38","8","Coach Upside rating–No rating available","Coach Bust rating–No rating available","3 out of 5 stars","-84"
"309",13,"Indianapolis Colts",IND,"DST19","13","Coach Upside rating–No rating available","Coach Bust rating–No rating available","5 out of 5 stars","-41"
"310",13,"Adam Randall",BAL,"RB92","13","Coach Upside rating–No rating available","Coach Bust rating–No rating available","3 out of 5 stars","-38"
"311",13,"Trevor Etienne",CAR,"RB93","5","Coach Upside rating–No rating available","Coach Bust rating–No rating available","1 out of 5 stars","+34"
"312",13,"Skyler Bell",BUF,"WR109","7","Coach Upside rating–No rating available","Coach Bust rating–No rating available","4 out of 5 stars","+2"
"313",13,"Ja'Kobi Lane",BAL,"WR110","13","Coach Upside rating–No rating available","Coach Bust rating–No rating available","4 out of 5 stars","-5"
"314",13,"Tahj Brooks",CIN,"RB94","6","Coach Upside rating–No rating available","Coach Bust rating–No rating available","2 out of 5 stars","+78"
"315",13,"Isaac Guerendo",SF,"RB95","8","Coach Upside rating–No rating available","Coach Bust rating–No rating available","2 out of 5 stars","+16"
"316",13,"Andrei Iosivas",CIN,"WR111","6","Coach Upside rating–No rating available","Coach Bust rating–No rating available","4 out of 5 stars","-20"
"317",13,"Joe Mixon",FA,"RB96","-","Coach Upside rating–No rating available","Coach Bust rating–No rating available","-","+6"
"318",13,"Jarquez Hunter",LAR,"RB97","11","Coach Upside rating–No rating available","Coach Bust rating–No rating available","5 out of 5 stars","+11"
"319",13,"New Orleans Saints",NO,"DST20","8","Coach Upside rating–No rating available","Coach Bust rating–No rating available","5 out of 5 stars","-63"
"320",13,"Chicago Bears",CHI,"DST21","10","Coach Upside rating–No rating available","Coach Bust rating–No rating available","2 out of 5 stars","-81"
"321",13,"Audric Estime",NO,"RB98","8","Coach Upside rating–No rating available","Coach Bust rating–No rating available","3 out of 5 stars","+54"
"322",13,"Cedric Tillman",CLE,"WR112","11","Coach Upside rating–No rating available","Coach Bust rating–No rating available","3 out of 5 stars","-29"
"323",13,"Darnell Washington",PIT,"TE39","9","Coach Upside rating–No rating available","Coach Bust rating–No rating available","2 out of 5 stars","-33"
"324",13,"J.J. McCarthy",MIN,"QB36","6","Coach Upside rating–No rating available","Coach Bust rating–No rating available","5 out of 5 stars","+80"
"325",13,"Will Shipley",PHI,"RB99","10","Coach Upside rating–No rating available","Coach Bust rating–No rating available","4 out of 5 stars","+22"
"326",13,"Luke McCaffrey",WAS,"WR113","7","Coach Upside rating–No rating available","Coach Bust rating–No rating available","2 out of 5 stars","-60"
"327",13,"Konata Mumpfield",LAR,"WR114","11","Coach Upside rating–No rating available","Coach Bust rating–No rating available","1 out of 5 stars","-48"
"328",13,"Kareem Hunt",FA,"RB100","-","Coach Upside rating–No rating available","Coach Bust rating–No rating available","-","+52"
"329",13,"Calvin Austin III",NYG,"WR115","8","Coach Upside rating–No rating available","Coach Bust rating–No rating available","4 out of 5 stars","+58"
"330",13,"Tez Johnson",TB,"WR116","10","Coach Upside rating–No rating available","Coach Bust rating–No rating available","4 out of 5 stars","+67"
"331",13,"Max Klare",LAR,"TE40","11","Coach Upside rating–No rating available","Coach Bust rating–No rating available","4 out of 5 stars","+34"
"332",13,"Jalen Royals",KC,"WR117","5","Coach Upside rating–No rating available","Coach Bust rating–No rating available","2 out of 5 stars","+4"
"333",13,"Jahan Dotson",ATL,"WR118","11","Coach Upside rating–No rating available","Coach Bust rating–No rating available","3 out of 5 stars","-47"
"334",13,"Olamide Zaccheaus",ATL,"WR119","11","Coach Upside rating–No rating available","Coach Bust rating–No rating available","3 out of 5 stars","-18"
"335",13,"Caleb Douglas",MIA,"WR120","6","Coach Upside rating–No rating available","Coach Bust rating–No rating available","3 out of 5 stars","-29"
"336",13,"Mac Jones",SF,"QB37","8","Coach Upside rating–No rating available","Coach Bust rating–No rating available","1 out of 5 stars","+1"
"337",13,"Elijah Arroyo",SEA,"TE41","11","Coach Upside rating–No rating available","Coach Bust rating–No rating available","3 out of 5 stars","-25"
"338",13,"Jalen Tolbert",MIA,"WR121","6","Coach Upside rating–No rating available","Coach Bust rating–No rating available","3 out of 5 stars","-63"
"339",14,"Bam Knight",ARI,"RB101","14","Coach Upside rating–No rating available","Coach Bust rating–No rating available","2 out of 5 stars","-"
"340",14,"Joshua Palmer",BUF,"WR122","7","Coach Upside rating–No rating available","Coach Bust rating–No rating available","4 out of 5 stars","+27"
"341",14,"Tyler Higbee",LAR,"TE42","11","Coach Upside rating–No rating available","Coach Bust rating–No rating available","4 out of 5 stars","+53"
"342",14,"Noah Gray",KC,"TE43","5","Coach Upside rating–No rating available","Coach Bust rating–No rating available","4 out of 5 stars","+58"
"343",14,"Michael Mayer",LV,"TE44","13","Coach Upside rating–No rating available","Coach Bust rating–No rating available","3 out of 5 stars","-69"
"344",14,"Ty Simpson",LAR,"QB38","11","Coach Upside rating–No rating available","Coach Bust rating–No rating available","3 out of 5 stars","+52"
"345",14,"Ja'Tavion Sanders",CAR,"TE45","5","Coach Upside rating–No rating available","Coach Bust rating–No rating available","2 out of 5 stars","-61"
"346",14,"DeMario Douglas",NE,"WR123","11","Coach Upside rating–No rating available","Coach Bust rating–No rating available","2 out of 5 stars","+33"
"347",14,"Dont'e Thornton Jr.",LV,"WR124","13","Coach Upside rating–No rating available","Coach Bust rating–No rating available","2 out of 5 stars","-"
"348",14,"Cole Kmet",CHI,"TE46","10","Coach Upside rating–No rating available","Coach Bust rating–No rating available","2 out of 5 stars","-56"
"349",14,"Carolina Panthers",CAR,"DST22","5","Coach Upside rating–No rating available","Coach Bust rating–No rating available","3 out of 5 stars","-78"
"350",14,"Xavier Hutchinson",HOU,"WR125","8","Coach Upside rating–No rating available","Coach Bust rating–No rating available","3 out of 5 stars","+5"
"351",14,"Carson Beck",ARI,"QB39","14","Coach Upside rating–No rating available","Coach Bust rating–No rating available","2 out of 5 stars","-63"
"352",14,"Dawson Knox",BUF,"TE47","7","Coach Upside rating–No rating available","Coach Bust rating–No rating available","3 out of 5 stars","-17"
"353",14,"Kendrick Bourne",ARI,"WR126","14","Coach Upside rating–No rating available","Coach Bust rating–No rating available","2 out of 5 stars","-12"
"354",14,"J'Mari Taylor",JAC,"RB102","7","Coach Upside rating–No rating available","Coach Bust rating–No rating available","4 out of 5 stars","-"
"355",14,"Justin Fields",KC,"QB40","5","Coach Upside rating–No rating available","Coach Bust rating–No rating available","2 out of 5 stars","-21"
"356",14,"Eli Heidenreich",PIT,"RB103","9","Coach Upside rating–No rating available","Coach Bust rating–No rating available","2 out of 5 stars","-97"
"357",14,"Brenen Thompson",LAC,"WR127","7","Coach Upside rating–No rating available","Coach Bust rating–No rating available","2 out of 5 stars","-27"
"358",14,"Bryce Lance",NO,"WR128","8","Coach Upside rating–No rating available","Coach Bust rating–No rating available","3 out of 5 stars","-53"
"359",14,"Michael Carter",TEN,"RB104","9","Coach Upside rating–No rating available","Coach Bust rating–No rating available","3 out of 5 stars","-"
"360",14,"Dallas Cowboys",DAL,"DST23","14","Coach Upside rating–No rating available","Coach Bust rating–No rating available","1 out of 5 stars","-96"
"361",14,"Jawhar Jordan",HOU,"RB105","8","Coach Upside rating–No rating available","Coach Bust rating–No rating available","4 out of 5 stars","-"
"362",14,"Nick Chubb",FA,"RB106","-","Coach Upside rating–No rating available","Coach Bust rating–No rating available","-","-"
"363",14,"Anthony Richardson Sr.",IND,"QB41","13","Coach Upside rating–No rating available","Coach Bust rating–No rating available","4 out of 5 stars","+27"
"364",14,"Kalif Raymond",CHI,"WR129","10","Coach Upside rating–No rating available","Coach Bust rating–No rating available","3 out of 5 stars","-15"
"365",14,"KaVontae Turpin",DAL,"WR130","14","Coach Upside rating–No rating available","Coach Bust rating–No rating available","2 out of 5 stars","-76"
"366",14,"John Metchie III",CAR,"WR131","5","Coach Upside rating–No rating available","Coach Bust rating–No rating available","2 out of 5 stars","-"
"367",14,"Nick Westbrook-Ikhine",IND,"WR132","13","Coach Upside rating–No rating available","Coach Bust rating–No rating available","4 out of 5 stars","-43"
"368",14,"Tyler Bass",BUF,"K19","7","Coach Upside rating–No rating available","Coach Bust rating–No rating available","2 out of 5 stars","-"
"369",14,"Noah Fant",NO,"TE48","8","Coach Upside rating–No rating available","Coach Bust rating–No rating available","2 out of 5 stars","-13"
"370",14,"Jaylin Lane",WAS,"WR133","7","Coach Upside rating–No rating available","Coach Bust rating–No rating available","2 out of 5 stars","-"
"371",14,"Raheim Sanders",CLE,"RB107","11","Coach Upside rating–No rating available","Coach Bust rating–No rating available","3 out of 5 stars","-86"
"372",14,"Treylon Burks",WAS,"WR134","7","Coach Upside rating–No rating available","Coach Bust rating–No rating available","2 out of 5 stars","-24"
"373",14,"Tutu Atwell",MIA,"WR135","6","Coach Upside rating–No rating available","Coach Bust rating–No rating available","3 out of 5 stars","+11"
"374",14,"Justin Joly",DEN,"TE49","10","Coach Upside rating–No rating available","Coach Bust rating–No rating available","4 out of 5 stars","-4"
"375",14,"Eli Raridon",NE,"TE50","11","Coach Upside rating–No rating available","Coach Bust rating–No rating available","4 out of 5 stars","+1"
"376",14,"Savion Williams",GB,"WR136","11","Coach Upside rating–No rating available","Coach Bust rating–No rating available","5 out of 5 stars","-69"
"377",14,"Zane Gonzalez",MIA,"K20","6","Coach Upside rating–No rating available","Coach Bust rating–No rating available","2 out of 5 stars","-"
"378",14,"Cincinnati Bengals",CIN,"DST24","6","Coach Upside rating–No rating available","Coach Bust rating–No rating available","4 out of 5 stars","-5"
"379",14,"Austin Ekeler",FA,"RB108","-","Coach Upside rating–No rating available","Coach Bust rating–No rating available","-","-28"
"380",14,"New York Giants",NYG,"DST25","8","Coach Upside rating–No rating available","Coach Bust rating–No rating available","1 out of 5 stars","-122"
"381",14,"Zavion Thomas",CHI,"WR137","10","Coach Upside rating–No rating available","Coach Bust rating–No rating available","3 out of 5 stars","-119"
"382",14,"Tommy Tremble",CAR,"TE51","5","Coach Upside rating–No rating available","Coach Bust rating–No rating available","2 out of 5 stars","-81"
"383",14,"Tennessee Titans",TEN,"DST26","9","Coach Upside rating–No rating available","Coach Bust rating–No rating available","2 out of 5 stars","-26"
"384",14,"Kevin Coleman Jr.",MIA,"WR138","6","Coach Upside rating–No rating available","Coach Bust rating–No rating available","3 out of 5 stars","-38"
"385",14,"Phil Mafah",DAL,"RB109","14","Coach Upside rating–No rating available","Coach Bust rating–No rating available","4 out of 5 stars","-13"
"386",14,"Nick Folk",ATL,"K21","11","Coach Upside rating–No rating available","Coach Bust rating–No rating available","0 out of 5 stars","-"
"387",14,"Jake Elliott",PHI,"K22","10","Coach Upside rating–No rating available","Coach Bust rating–No rating available","5 out of 5 stars","-"
"388",14,"Luke Musgrave",GB,"TE52","11","Coach Upside rating–No rating available","Coach Bust rating–No rating available","2 out of 5 stars","-105"
"389",14,"Washington Commanders",WAS,"DST27","7","Coach Upside rating–No rating available","Coach Bust rating–No rating available","2 out of 5 stars","-4"
"390",14,"Ben Sauls",NYG,"K23","8","Coach Upside rating–No rating available","Coach Bust rating–No rating available","2 out of 5 stars","-"
"391",14,"Kyle Juszczyk",SF,"RB110","8","Coach Upside rating–No rating available","Coach Bust rating–No rating available","2 out of 5 stars","-"
"392",14,"Trey Smack",GB,"K24","11","Coach Upside rating–No rating available","Coach Bust rating–No rating available","4 out of 5 stars","-"
"393",14,"Tampa Bay Buccaneers",TB,"DST28","10","Coach Upside rating–No rating available","Coach Bust rating–No rating available","4 out of 5 stars","-120"
"394",14,"John Bates",WAS,"TE53","7","Coach Upside rating–No rating available","Coach Bust rating–No rating available","1 out of 5 stars","-"
"395",14,"Ben Sinnott",WAS,"TE54","7","Coach Upside rating–No rating available","Coach Bust rating–No rating available","1 out of 5 stars","-24"
"396",14,"Jameis Winston",NYG,"QB42","8","Coach Upside rating–No rating available","Coach Bust rating–No rating available","4 out of 5 stars","-10"
"397",15,"Miami Dolphins",MIA,"DST29","6","Coach Upside rating–No rating available","Coach Bust rating–No rating available","3 out of 5 stars","-9"
"398",15,"Ryan Fitzgerald",CAR,"K25","5","Coach Upside rating–No rating available","Coach Bust rating–No rating available","0 out of 5 stars","-"
"399",15,"Marcus Mariota",WAS,"QB43","7","Coach Upside rating–No rating available","Coach Bust rating–No rating available","2 out of 5 stars","-8"
"400",15,"Greg Dortch",DET,"WR139","6","Coach Upside rating–No rating available","Coach Bust rating–No rating available","4 out of 5 stars","-"
"401",15,"Spencer Shrader",IND,"K26","13","Coach Upside rating–No rating available","Coach Bust rating–No rating available","4 out of 5 stars","-"
"402",15,"Devontez Walker",BAL,"WR140","13","Coach Upside rating–No rating available","Coach Bust rating–No rating available","4 out of 5 stars","-120"
"403",15,"Austin Hooper",ATL,"TE55","11","Coach Upside rating–No rating available","Coach Bust rating–No rating available","3 out of 5 stars","-94"
"404",15,"Daniel Bellinger",TEN,"TE56","9","Coach Upside rating–No rating available","Coach Bust rating–No rating available","3 out of 5 stars","-54"
"405",15,"DeAndre Hopkins",BAL,"WR141","13","Coach Upside rating–No rating available","Coach Bust rating–No rating available","4 out of 5 stars","-"
"406",15,"Darren Waller",FA,"TE57","-","Coach Upside rating–No rating available","Coach Bust rating–No rating available","-","-53"
"407",15,"Joe Flacco",CIN,"QB44","6","Coach Upside rating–No rating available","Coach Bust rating–No rating available","3 out of 5 stars","-4"
"408",15,"Deion Burks",IND,"WR142","13","Coach Upside rating–No rating available","Coach Bust rating–No rating available","4 out of 5 stars","-"
"409",15,"Ashton Dulin",IND,"WR143","13","Coach Upside rating–No rating available","Coach Bust rating–No rating available","4 out of 5 stars","-132"
"410",15,"Jonnu Smith",FA,"TE58","-","Coach Upside rating–No rating available","Coach Bust rating–No rating available","-","-32"
"411",15,"Jordan Whittington",LAR,"WR144","11","Coach Upside rating–No rating available","Coach Bust rating–No rating available","1 out of 5 stars","-98"
"412",15,"Dyami Brown",WAS,"WR145","7","Coach Upside rating–No rating available","Coach Bust rating–No rating available","2 out of 5 stars","-68"
"413",15,"Blake Grupe",IND,"K27","13","Coach Upside rating–No rating available","Coach Bust rating–No rating available","4 out of 5 stars","-"
"414",15,"Antonio Gibson",FA,"RB111","-","Coach Upside rating–No rating available","Coach Bust rating–No rating available","-","-"
"415",15,"Terrell Jennings",NE,"RB112","11","Coach Upside rating–No rating available","Coach Bust rating–No rating available","2 out of 5 stars","-"
"416",15,"Cyrus Allen",KC,"WR146","5","Coach Upside rating–No rating available","Coach Bust rating–No rating available","2 out of 5 stars","-"
"417",15,"Chad Ryland",ARI,"K28","14","Coach Upside rating–No rating available","Coach Bust rating–No rating available","2 out of 5 stars","-"
"418",15,"Zach Ertz",FA,"TE59","-","Coach Upside rating–No rating available","Coach Bust rating–No rating available","-","-107"
"419",15,"Dameon Pierce",PHI,"RB113","10","Coach Upside rating–No rating available","Coach Bust rating–No rating available","4 out of 5 stars","-"
"420",15,"Tommy Myers",FA,"TE60","-","Coach Upside rating–No rating available","Coach Bust rating–No rating available","-","-"
"421",15,"CJ Daniels",LAR,"WR147","11","Coach Upside rating–No rating available","Coach Bust rating–No rating available","1 out of 5 stars","-"
"422",15,"Tyler Lockett",LV,"WR148","13","Coach Upside rating–No rating available","Coach Bust rating–No rating available","2 out of 5 stars","-"
"423",15,"Odell Beckham Jr.",NYG,"WR149","8","Coach Upside rating–No rating available","Coach Bust rating–No rating available","4 out of 5 stars","-119"
"424",15,"Demarcus Robinson",SF,"WR150","8","Coach Upside rating–No rating available","Coach Bust rating–No rating available","2 out of 5 stars","-137"
"425",15,"Damien Martinez",GB,"RB114","11","Coach Upside rating–No rating available","Coach Bust rating–No rating available","4 out of 5 stars","-130"
"426",15,"Jeremy McNichols",WAS,"RB115","7","Coach Upside rating–No rating available","Coach Bust rating–No rating available","4 out of 5 stars","-"
"427",15,"Mitchell Evans",CAR,"TE61","5","Coach Upside rating–No rating available","Coach Bust rating–No rating available","2 out of 5 stars","-"
"428",15,"Joey Slye",TEN,"K29","9","Coach Upside rating–No rating available","Coach Bust rating–No rating available","4 out of 5 stars","-"
"429",15,"Jam Miller",NE,"RB116","11","Coach Upside rating–No rating available","Coach Bust rating–No rating available","2 out of 5 stars","-127"
"430",15,"Marlin Klein",HOU,"TE62","8","Coach Upside rating–No rating available","Coach Bust rating–No rating available","4 out of 5 stars","-"
"431",15,"Rasheen Ali",BAL,"RB117","13","Coach Upside rating–No rating available","Coach Bust rating–No rating available","3 out of 5 stars","-"
"432",15,"Elijah Higgins",ARI,"TE63","14","Coach Upside rating–No rating available","Coach Bust rating–No rating available","2 out of 5 stars","-141"
"433",15,"Sterling Shepard",FA,"WR151","-","Coach Upside rating–No rating available","Coach Bust rating–No rating available","-","-"
"434",15,"Josh Oliver",MIN,"TE64","6","Coach Upside rating–No rating available","Coach Bust rating–No rating available","4 out of 5 stars","-"
"435",15,"Erick All Jr.",CIN,"TE65","6","Coach Upside rating–No rating available","Coach Bust rating–No rating available","3 out of 5 stars","-93"
"436",15,"Miles Sanders",FA,"RB118","-","Coach Upside rating–No rating available","Coach Bust rating–No rating available","-","-"
"437",15,"Joe Milton III",DAL,"QB45","14","Coach Upside rating–No rating available","Coach Bust rating–No rating available","2 out of 5 stars","-112"
"438",15,"Kevin Austin Jr.",NO,"WR152","8","Coach Upside rating–No rating available","Coach Bust rating–No rating available","3 out of 5 stars","-"
"439",15,"Roschon Johnson",CHI,"RB119","10","Coach Upside rating–No rating available","Coach Bust rating–No rating available","2 out of 5 stars","-"
"440",15,"Elijah Moore",PHI,"WR153","10","Coach Upside rating–No rating available","Coach Bust rating–No rating available","4 out of 5 stars","-"
"441",15,"Jahdae Walker",CHI,"WR154","10","Coach Upside rating–No rating available","Coach Bust rating–No rating available","3 out of 5 stars","-160"
"442",15,"Nate Boerkircher",JAC,"TE66","7","Coach Upside rating–No rating available","Coach Bust rating–No rating available","3 out of 5 stars","-"
"443",15,"Mitch Tinsley",CIN,"WR155","6","Coach Upside rating–No rating available","Coach Bust rating–No rating available","4 out of 5 stars","-"
"444",15,"Sam Roush",CHI,"TE67","10","Coach Upside rating–No rating available","Coach Bust rating–No rating available","2 out of 5 stars","-"
"445",15,"Khalil Herbert",FA,"RB120","-","Coach Upside rating–No rating available","Coach Bust rating–No rating available","-","-"
"446",15,"Alexander Mattison",FA,"RB121","-","Coach Upside rating–No rating available","Coach Bust rating–No rating available","-","-"
"447",15,"Brandon McManus",FA,"K30","-","Coach Upside rating–No rating available","Coach Bust rating–No rating available","-","-"
"448",15,"Cade Klubnik",NYJ,"QB46","13","Coach Upside rating–No rating available","Coach Bust rating–No rating available","4 out of 5 stars","-"
"449",15,"Ty Chandler",NO,"RB122","8","Coach Upside rating–No rating available","Coach Bust rating–No rating available","3 out of 5 stars","-"
"450",15,"Daniel Carlson",LV,"K31","13","Coach Upside rating–No rating available","Coach Bust rating–No rating available","1 out of 5 stars","-"
"451",15,"Sione Vaki",DET,"RB123","6","Coach Upside rating–No rating available","Coach Bust rating–No rating available","5 out of 5 stars","-"
"452",15,"Jaret Patterson",LAC,"RB124","7","Coach Upside rating–No rating available","Coach Bust rating–No rating available","3 out of 5 stars","-"
"453",15,"Raheem Mostert",LV,"RB125","13","Coach Upside rating–No rating available","Coach Bust rating–No rating available","2 out of 5 stars","-"
"454",15,"Las Vegas Raiders",LV,"DST30","13","Coach Upside rating–No rating available","Coach Bust rating–No rating available","4 out of 5 stars","-77"
"455",15,"Diontae Johnson",FA,"WR156","-","Coach Upside rating–No rating available","Coach Bust rating–No rating available","-","-"
"456",15,"Jordan Waters",LAR,"RB126","11","Coach Upside rating–No rating available","Coach Bust rating–No rating available","5 out of 5 stars","-"
"457",15,"Colbie Young",CIN,"WR157","6","Coach Upside rating–No rating available","Coach Bust rating–No rating available","4 out of 5 stars","-76"
"458",15,"Tai Felton",MIN,"WR158","6","Coach Upside rating–No rating available","Coach Bust rating–No rating available","5 out of 5 stars","-"
"459",15,"Robert Henry Jr.",WAS,"RB127","7","Coach Upside rating–No rating available","Coach Bust rating–No rating available","4 out of 5 stars","-"
"460",15,"Dylan Laube",LV,"RB128","13","Coach Upside rating–No rating available","Coach Bust rating–No rating available","2 out of 5 stars","-"
"461",15,"Adam Trautman",DEN,"TE68","10","Coach Upside rating–No rating available","Coach Bust rating–No rating available","4 out of 5 stars","-"
"462",15,"Riley Leonard",IND,"QB47","13","Coach Upside rating–No rating available","Coach Bust rating–No rating available","4 out of 5 stars","-"
"463",15,"Jermaine Burton",FA,"WR159","-","Coach Upside rating–No rating available","Coach Bust rating–No rating available","-","-"
"464",15,"Brock Wright",DET,"TE69","6","Coach Upside rating–No rating available","Coach Bust rating–No rating available","3 out of 5 stars","-"
"465",15,"Ameer Abdullah",JAC,"RB129","7","Coach Upside rating–No rating available","Coach Bust rating–No rating available","4 out of 5 stars","-"
"466",15,"Roman Wilson",PIT,"WR160","9","Coach Upside rating–No rating available","Coach Bust rating–No rating available","3 out of 5 stars","-"
"467",15,"Xavier Smith",LAR,"WR161","11","Coach Upside rating–No rating available","Coach Bust rating–No rating available","1 out of 5 stars","-"
"468",15,"Tanner Hudson",CIN,"TE70","6","Coach Upside rating–No rating available","Coach Bust rating–No rating available","3 out of 5 stars","-"
"469",15,"Luke Schoonmaker",DAL,"TE71","14","Coach Upside rating–No rating available","Coach Bust rating–No rating available","2 out of 5 stars","-"
"470",16,"Drew Sample",CIN,"TE72","6","Coach Upside rating–No rating available","Coach Bust rating–No rating available","3 out of 5 stars","-"
"471",16,"Myles Montgomery",NE,"RB130","11","Coach Upside rating–No rating available","Coach Bust rating–No rating available","2 out of 5 stars","-"
"472",16,"Taysom Hill",FA,"TE73","-","Coach Upside rating–No rating available","Coach Bust rating–No rating available","-","-"
"473",16,"Cam Akers",FA,"RB131","-","Coach Upside rating–No rating available","Coach Bust rating–No rating available","-","-"
"474",16,"Malik Benson",LV,"WR162","13","Coach Upside rating–No rating available","Coach Bust rating–No rating available","2 out of 5 stars","-116"
"475",16,"Ronnie Bell",NO,"WR163","8","Coach Upside rating–No rating available","Coach Bust rating–No rating available","3 out of 5 stars","-"
"476",16,"Charlie Kolar",LAC,"TE74","7","Coach Upside rating–No rating available","Coach Bust rating–No rating available","4 out of 5 stars","-211"
"477",16,"Quinn Ewers",MIA,"QB48","6","Coach Upside rating–No rating available","Coach Bust rating–No rating available","3 out of 5 stars","-123"
"478",16,"Donovan Edwards",MIA,"RB132","6","Coach Upside rating–No rating available","Coach Bust rating–No rating available","3 out of 5 stars","-"
"479",16,"Tanner Koziol",JAC,"TE75","7","Coach Upside rating–No rating available","Coach Bust rating–No rating available","3 out of 5 stars","-"
"480",16,"Roman Hemby",LV,"RB133","13","Coach Upside rating–No rating available","Coach Bust rating–No rating available","2 out of 5 stars","-"
"481",16,"Gardner Minshew II",ARI,"QB49","14","Coach Upside rating–No rating available","Coach Bust rating–No rating available","2 out of 5 stars","-184"
"482",16,"Tyler Badie",DEN,"RB134","10","Coach Upside rating–No rating available","Coach Bust rating–No rating available","2 out of 5 stars","-"
"483",16,"Jackson Hawes",BUF,"TE76","7","Coach Upside rating–No rating available","Coach Bust rating–No rating available","3 out of 5 stars","-"
"484",16,"Michael Trigg",DAL,"TE77","14","Coach Upside rating–No rating available","Coach Bust rating–No rating available","2 out of 5 stars","-"
"485",16,"Reggie Virgil",ARI,"WR164","14","Coach Upside rating–No rating available","Coach Bust rating–No rating available","2 out of 5 stars","-"
"486",16,"Trey Lance",LAC,"QB50","7","Coach Upside rating–No rating available","Coach Bust rating–No rating available","2 out of 5 stars","-159"
"487",16,"Thomas Fidone II",NYG,"TE78","8","Coach Upside rating–No rating available","Coach Bust rating–No rating available","3 out of 5 stars","-"
"488",16,"Jason Sanders",NYJ,"K32","13","Coach Upside rating–No rating available","Coach Bust rating–No rating available","2 out of 5 stars","-"
"489",16,"New York Jets",NYJ,"DST31","13","Coach Upside rating–No rating available","Coach Bust rating–No rating available","4 out of 5 stars","-91"